{"cameraMode":{"drawMode":0,"name":"Shaded","section":"Shading Mode"},"sceneLighting":true,"audioPlay":false,"sceneViewState":{"m_AlwaysRefresh":false,"showFog":true,"showSkybox":true,"showFlares":true,"showImageEffects":true,"showParticleSystems":true,"showVisualEffectGraphs":true,"m_FxEnabled":true},"in2DMode":false,"pivot":{"x":-0.026117520406842233,"y":-1.3932263851165772,"z":40.304325103759769},"rotation":{"x":0.05996362864971161,"y":-0.007486386224627495,"z":0.0004577279614750296,"w":0.9981964230537415},"size":34.30577850341797,"orthographic":false}