{"cameraMode":{"drawMode":0,"name":"Shaded","section":"Shading Mode"},"sceneLighting":true,"audioPlay":false,"sceneViewState":{"m_AlwaysRefresh":false,"showFog":true,"showSkybox":true,"showFlares":true,"showImageEffects":true,"showParticleSystems":true,"showVisualEffectGraphs":true,"m_FxEnabled":true},"in2DMode":false,"pivot":{"x":0.13547199964523316,"y":0.17178243398666383,"z":-3.187187910079956},"rotation":{"x":0.11595572531223297,"y":0.11445574462413788,"z":-0.013452643528580666,"w":0.9865484237670898},"size":1.7581226825714112,"orthographic":false}