{"cameraMode":{"drawMode":0,"name":"Shaded","section":"Shading Mode"},"sceneLighting":true,"audioPlay":false,"sceneViewState":{"m_AlwaysRefresh":false,"showFog":true,"showSkybox":true,"showFlares":true,"showImageEffects":true,"showParticleSystems":true,"showVisualEffectGraphs":true,"m_FxEnabled":true},"in2DMode":false,"pivot":{"x":1.0107837915420533,"y":-2.1986870765686037,"z":-3.556218385696411},"rotation":{"x":0.049695245921611789,"y":0.9487088918685913,"z":-0.24730445444583894,"w":0.19062864780426026},"size":3.0875110626220705,"orthographic":false}